Label,X,Y,Z

TA,74.2559367110385,23.67111679949999,34.28223449196787
FKC,81.76476234087879,14.537335765866644,33.477492474584245
FHP,99.23026797002481,45.992606338447516,35.61650922653185
FDL,22.76683979134122,61.4778973867574,59.189583160667155
